venueid,venue_name,metacategory,columnnames
4bf58dd8d48988d1e8931735,Piano Bar,Arts & Entertainment,cat_4bf58dd8d48988d1e8931735
4bf58dd8d48988d1e7931735,Jazz Club,Arts & Entertainment,cat_4bf58dd8d48988d1e7931735
559acbe0498e472f1a53fa23,Erotic Museum,Arts & Entertainment,cat_559acbe0498e472f1a53fa23
4bf58dd8d48988d192941735,Planetarium,Arts & Entertainment,cat_4bf58dd8d48988d192941735
4bf58dd8d48988d191941735,Science Museum,Arts & Entertainment,cat_4bf58dd8d48988d191941735
4bf58dd8d48988d1e9931735,Rock Club,Arts & Entertainment,cat_4bf58dd8d48988d1e9931735
4bf58dd8d48988d134941735,Dance Studio,Arts & Entertainment,cat_4bf58dd8d48988d134941735
4bf58dd8d48988d136941735,Opera House,Arts & Entertainment,cat_4bf58dd8d48988d136941735
4bf58dd8d48988d190941735,History Museum,Arts & Entertainment,cat_4bf58dd8d48988d190941735
4bf58dd8d48988d135941735,Indie Theater,Arts & Entertainment,cat_4bf58dd8d48988d135941735
52e81612bcbc57f1066b79ee,Street Art,Arts & Entertainment,cat_52e81612bcbc57f1066b79ee
5109983191d435c0d71c2bb1,Theme Park Ride / Attraction,Arts & Entertainment,cat_5109983191d435c0d71c2bb1
4bf58dd8d48988d137941735,Theater,Arts & Entertainment,cat_4bf58dd8d48988d137941735
4bf58dd8d48988d18a941735,Cricket Ground,Arts & Entertainment,cat_4bf58dd8d48988d18a941735
4bf58dd8d48988d185941735,Hockey Arena,Arts & Entertainment,cat_4bf58dd8d48988d185941735
4bf58dd8d48988d18c941735,Baseball Stadium,Arts & Entertainment,cat_4bf58dd8d48988d18c941735
4bf58dd8d48988d18b941735,Basketball Stadium,Arts & Entertainment,cat_4bf58dd8d48988d18b941735
4bf58dd8d48988d18f941735,Art Museum,Arts & Entertainment,cat_4bf58dd8d48988d18f941735
58daa1558bbb0b01f18ec1fd,Zoo Exhibit,Arts & Entertainment,cat_58daa1558bbb0b01f18ec1fd
4bf58dd8d48988d187941735,Track Stadium,Arts & Entertainment,cat_4bf58dd8d48988d187941735
4e39a891bd410d7aed40cbc2,Tennis Stadium,Arts & Entertainment,cat_4e39a891bd410d7aed40cbc2
4bf58dd8d48988d189941735,Football Stadium,Arts & Entertainment,cat_4bf58dd8d48988d189941735
52e81612bcbc57f1066b79ed,Outdoor Sculpture,Arts & Entertainment,cat_52e81612bcbc57f1066b79ed
4bf58dd8d48988d180941735,Multiplex,Arts & Entertainment,cat_4bf58dd8d48988d180941735
4bf58dd8d48988d17e941735,Indie Movie Theater,Arts & Entertainment,cat_4bf58dd8d48988d17e941735
56aa371be4b08b9a8d5734de,Drive-in Theater,Arts & Entertainment,cat_56aa371be4b08b9a8d5734de
4bf58dd8d48988d188941735,Soccer Stadium,Arts & Entertainment,cat_4bf58dd8d48988d188941735
56aa371be4b08b9a8d573532,Exhibit,Arts & Entertainment,cat_56aa371be4b08b9a8d573532
4bf58dd8d48988d18e941735,Comedy Club,Arts & Entertainment,cat_4bf58dd8d48988d18e941735
4bf58dd8d48988d1e3931735,Pool Hall,Arts & Entertainment,cat_4bf58dd8d48988d1e3931735
4bf58dd8d48988d181941735,Museum,Arts & Entertainment,cat_4bf58dd8d48988d181941735
4bf58dd8d48988d1f4931735,Racetrack,Arts & Entertainment,cat_4bf58dd8d48988d1f4931735
52e81612bcbc57f1066b79ea,Go Kart Track,Arts & Entertainment,cat_52e81612bcbc57f1066b79ea
52e81612bcbc57f1066b79eb,Mini Golf,Arts & Entertainment,cat_52e81612bcbc57f1066b79eb
4fceea171983d5d06c3e9823,Aquarium,Arts & Entertainment,cat_4fceea171983d5d06c3e9823
4bf58dd8d48988d1e5931735,Music Venue,Arts & Entertainment,cat_4bf58dd8d48988d1e5931735
4bf58dd8d48988d17b941735,Zoo,Arts & Entertainment,cat_4bf58dd8d48988d17b941735
4bf58dd8d48988d17c941735,Casino,Arts & Entertainment,cat_4bf58dd8d48988d17c941735
507c8c4091d498d9fc8c67a9,Public Art,Arts & Entertainment,cat_507c8c4091d498d9fc8c67a9
52e81612bcbc57f1066b79e6,Laser Tag,Arts & Entertainment,cat_52e81612bcbc57f1066b79e6
52e81612bcbc57f1066b79e9,Roller Rink,Arts & Entertainment,cat_52e81612bcbc57f1066b79e9
5032792091d4c4b30a586d5c,Concert Hall,Arts & Entertainment,cat_5032792091d4c4b30a586d5c
4bf58dd8d48988d1f2931735,Performing Arts Venue,Arts & Entertainment,cat_4bf58dd8d48988d1f2931735
4bf58dd8d48988d193941735,Water Park,Arts & Entertainment,cat_4bf58dd8d48988d193941735
52e81612bcbc57f1066b79ef,Country Dance Club,Arts & Entertainment,cat_52e81612bcbc57f1066b79ef
4deefb944765f83613cdba6e,Historic Site,Arts & Entertainment,cat_4deefb944765f83613cdba6e
4bf58dd8d48988d1e2931735,Art Gallery,Arts & Entertainment,cat_4bf58dd8d48988d1e2931735
4bf58dd8d48988d182941735,Theme Park,Arts & Entertainment,cat_4bf58dd8d48988d182941735
4bf58dd8d48988d1f1931735,General Entertainment,Arts & Entertainment,cat_4bf58dd8d48988d1f1931735
5642206c498e4bfca532186c,Memorial Site,Arts & Entertainment,cat_5642206c498e4bfca532186c
56aa371be4b08b9a8d5734db,Amphitheater,Arts & Entertainment,cat_56aa371be4b08b9a8d5734db
4bf58dd8d48988d1e1931735,Arcade,Arts & Entertainment,cat_4bf58dd8d48988d1e1931735
4bf58dd8d48988d17f941735,Movie Theater,Arts & Entertainment,cat_4bf58dd8d48988d17f941735
52e81612bcbc57f1066b79ec,Salsa Club,Arts & Entertainment,cat_52e81612bcbc57f1066b79ec
52e81612bcbc57f1066b79e8,Disc Golf,Arts & Entertainment,cat_52e81612bcbc57f1066b79e8
52e81612bcbc57f1066b79e7,Circus,Arts & Entertainment,cat_52e81612bcbc57f1066b79e7
56aa371be4b08b9a8d573520,Tour Provider,Arts & Entertainment,cat_56aa371be4b08b9a8d573520
4bf58dd8d48988d184941735,Stadium,Arts & Entertainment,cat_4bf58dd8d48988d184941735
4bf58dd8d48988d1e4931735,Bowling Alley,Arts & Entertainment,cat_4bf58dd8d48988d1e4931735
56aa371be4b08b9a8d573514,Racecourse,Arts & Entertainment,cat_56aa371be4b08b9a8d573514
4d4b7104d754a06370d81259,Arts & Entertainment,Arts & Entertainment,cat_4d4b7104d754a06370d81259
4bf58dd8d48988d107941735,Argentinian Restaurant,Food,cat_4bf58dd8d48988d107941735
4bf58dd8d48988d16b941735,Brazilian Restaurant,Food,cat_4bf58dd8d48988d16b941735
55a59bace4b013909087cb15,Shabu-Shabu Restaurant,Food,cat_55a59bace4b013909087cb15
55a59bace4b013909087cb2a,Udon Restaurant,Food,cat_55a59bace4b013909087cb2a
56aa371be4b08b9a8d573558,Venezuelan Restaurant,Food,cat_56aa371be4b08b9a8d573558
4bf58dd8d48988d1f5931735,Dim Sum Restaurant,Food,cat_4bf58dd8d48988d1f5931735
4eb1bfa43b7b52c0e1adc2e8,Peruvian Restaurant,Food,cat_4eb1bfa43b7b52c0e1adc2e8
58daa1558bbb0b01f18ec1f4,Colombian Restaurant,Food,cat_58daa1558bbb0b01f18ec1f4
55a59af1e4b013909087cb03,Tonkatsu Restaurant,Food,cat_55a59af1e4b013909087cb03
52af3a7c3cf9994f4e043bed,Cantonese Restaurant,Food,cat_52af3a7c3cf9994f4e043bed
52af3b913cf9994f4e043c06,Xinjiang Restaurant,Food,cat_52af3b913cf9994f4e043c06
58daa1558bbb0b01f18ec1d3,Cha Chaan Teng,Food,cat_58daa1558bbb0b01f18ec1d3
52af3b773cf9994f4e043c03,Szechuan Restaurant,Food,cat_52af3b773cf9994f4e043c03
55a59bace4b013909087cb30,Japanese Curry Restaurant,Food,cat_55a59bace4b013909087cb30
55a59bace4b013909087cb24,Ramen Restaurant,Food,cat_55a59bace4b013909087cb24
4bf58dd8d48988d1d2941735,Sushi Restaurant,Food,cat_4bf58dd8d48988d1d2941735
5294cbda3cf9994f4e043a63,Pastelaria,Food,cat_5294cbda3cf9994f4e043a63
5294c7523cf9994f4e043a62,Acai House,Food,cat_5294c7523cf9994f4e043a62
54135bf5e4b08f3d2429dfdf,Indian Chinese Restaurant,Food,cat_54135bf5e4b08f3d2429dfdf
4bf58dd8d48988d14d941735,Paella Restaurant,Food,cat_4bf58dd8d48988d14d941735
52e81612bcbc57f1066b79fc,Kosher Restaurant,Food,cat_52e81612bcbc57f1066b79fc
52af39fb3cf9994f4e043be9,Tibetan Restaurant,Food,cat_52af39fb3cf9994f4e043be9
4deefc054765f83613cdba6f,Indonesian Restaurant,Food,cat_4deefc054765f83613cdba6f
5745c7ac498e5d0483112fdb,Salvadoran Restaurant,Food,cat_5745c7ac498e5d0483112fdb
54135bf5e4b08f3d2429dfdd,North Indian Restaurant,Food,cat_54135bf5e4b08f3d2429dfdd
55a5a1ebe4b013909087cb92,Roman Restaurant,Food,cat_55a5a1ebe4b013909087cb92
55a5a1ebe4b013909087cb83,Puglia Restaurant,Food,cat_55a5a1ebe4b013909087cb83
4bf58dd8d48988d10a941735,Ethiopian Restaurant,Food,cat_4bf58dd8d48988d10a941735
4bf58dd8d48988d113941735,Korean Restaurant,Food,cat_4bf58dd8d48988d113941735
4bf58dd8d48988d152941735,Arepa Restaurant,Food,cat_4bf58dd8d48988d152941735
54135bf5e4b08f3d2429dfde,South Indian Restaurant,Food,cat_54135bf5e4b08f3d2429dfde
55a5a1ebe4b013909087cb86,Sicilian Restaurant,Food,cat_55a5a1ebe4b013909087cb86
55a5a1ebe4b013909087cb74,Piadineria,Food,cat_55a5a1ebe4b013909087cb74
4bf58dd8d48988d149941735,Thai Restaurant,Food,cat_4bf58dd8d48988d149941735
4bf58dd8d48988d154941735,Cuban Restaurant,Food,cat_4bf58dd8d48988d154941735
55a5a1ebe4b013909087cb7f,Trattoria/Osteria,Food,cat_55a5a1ebe4b013909087cb7f
55a5a1ebe4b013909087cba4,Calabria Restaurant,Food,cat_55a5a1ebe4b013909087cba4
4bf58dd8d48988d1c9941735,Ice Cream Shop,Food,cat_4bf58dd8d48988d1c9941735
4bf58dd8d48988d1c3941735,Moroccan Restaurant,Food,cat_4bf58dd8d48988d1c3941735
55a5a1ebe4b013909087cb7c,Agriturismo,Food,cat_55a5a1ebe4b013909087cb7c
4bf58dd8d48988d111941735,Japanese Restaurant,Food,cat_4bf58dd8d48988d111941735
4bf58dd8d48988d14a941735,Vietnamese Restaurant,Food,cat_4bf58dd8d48988d14a941735
55a5a1ebe4b013909087cb9e,Tuscan Restaurant,Food,cat_55a5a1ebe4b013909087cb9e
52939a8c3cf9994f4e043a35,Empanada Restaurant,Food,cat_52939a8c3cf9994f4e043a35
54135bf5e4b08f3d2429dfe2,Chaat Place,Food,cat_54135bf5e4b08f3d2429dfe2
57558b36e4b065ecebd306b0,Brasserie,Food,cat_57558b36e4b065ecebd306b0
5744ccdfe4b0c0459246b4e2,Pastry Shop,Food,cat_5744ccdfe4b0c0459246b4e2
5bae9231bedf3950379f89d4,Poke Place,Food,cat_5bae9231bedf3950379f89d4
55a5a1ebe4b013909087cba1,Basilicata Restaurant,Food,cat_55a5a1ebe4b013909087cba1
55a5a1ebe4b013909087cb89,Emilia Restaurant,Food,cat_55a5a1ebe4b013909087cb89
53d6c1b0e4b02351e88a83da,Meze Restaurant,Food,cat_53d6c1b0e4b02351e88a83da
52e81612bcbc57f1066b79f3,Souvlaki Shop,Food,cat_52e81612bcbc57f1066b79f3
52e81612bcbc57f1066b7a0a,Pie Shop,Food,cat_52e81612bcbc57f1066b7a0a
512e7cae91d4cbb4e5efe0af,Frozen Yogurt Shop,Food,cat_512e7cae91d4cbb4e5efe0af
56aa371be4b08b9a8d5734f3,Bulgarian Restaurant,Food,cat_56aa371be4b08b9a8d5734f3
4bf58dd8d48988d156941735,Malay Restaurant,Food,cat_4bf58dd8d48988d156941735
4bf58dd8d48988d1db931735,Tapas Restaurant,Food,cat_4bf58dd8d48988d1db931735
4bf58dd8d48988d1cd941735,South American Restaurant,Food,cat_4bf58dd8d48988d1cd941735
52e81612bcbc57f1066b7a03,Cambodian Restaurant,Food,cat_52e81612bcbc57f1066b7a03
4eb1bd1c3b7b55596b4a748f,Filipino Restaurant,Food,cat_4eb1bd1c3b7b55596b4a748f
55a5a1ebe4b013909087cbb6,Abruzzo Restaurant,Food,cat_55a5a1ebe4b013909087cbb6
58daa1558bbb0b01f18ec1cd,Lebanese Restaurant,Food,cat_58daa1558bbb0b01f18ec1cd
5bae9231bedf3950379f89ea,Yemeni Restaurant,Food,cat_5bae9231bedf3950379f89ea
53d6c1b0e4b02351e88a83d6,Grilled Meat Restaurant,Food,cat_53d6c1b0e4b02351e88a83d6
5bae9231bedf3950379f89da,Syrian Restaurant,Food,cat_5bae9231bedf3950379f89da
4eb1d5724b900d56c88a45fe,Mongolian Restaurant,Food,cat_4eb1d5724b900d56c88a45fe
4bf58dd8d48988d1bc941735,Cupcake Shop,Food,cat_4bf58dd8d48988d1bc941735
5744ccdfe4b0c0459246b4ca,Kurdish Restaurant,Food,cat_5744ccdfe4b0c0459246b4ca
52960bac3cf9994f4e043ac4,Romanian Restaurant,Food,cat_52960bac3cf9994f4e043ac4
55a5a1ebe4b013909087cbc2,Umbrian Restaurant,Food,cat_55a5a1ebe4b013909087cbc2
4bf58dd8d48988d1d1941735,Noodle House,Food,cat_4bf58dd8d48988d1d1941735
4bf58dd8d48988d157941735,New American Restaurant,Food,cat_4bf58dd8d48988d157941735
55a5a1ebe4b013909087cb8f,Sardinian Restaurant,Food,cat_55a5a1ebe4b013909087cb8f
5bae9231bedf3950379f89e4,Shawarma Place,Food,cat_5bae9231bedf3950379f89e4
58daa1558bbb0b01f18ec1ee,Bosnian Restaurant,Food,cat_58daa1558bbb0b01f18ec1ee
56aa371ce4b08b9a8d573572,Bavarian Restaurant,Food,cat_56aa371ce4b08b9a8d573572
56aa371ce4b08b9a8d57358e,Bratwurst Joint,Food,cat_56aa371ce4b08b9a8d57358e
4bf58dd8d48988d145941735,Chinese Restaurant,Food,cat_4bf58dd8d48988d145941735
52e81612bcbc57f1066b79f7,Persian Restaurant,Food,cat_52e81612bcbc57f1066b79f7
56aa371be4b08b9a8d573529,Israeli Restaurant,Food,cat_56aa371be4b08b9a8d573529
55a5a1ebe4b013909087cb95,Campanian Restaurant,Food,cat_55a5a1ebe4b013909087cb95
5283c7b4e4b094cb91ec88d8,Doner Restaurant,Food,cat_5283c7b4e4b094cb91ec88d8
4bf58dd8d48988d153941735,Burrito Place,Food,cat_4bf58dd8d48988d153941735
5bae9231bedf3950379f89e1,Egyptian Restaurant,Food,cat_5bae9231bedf3950379f89e1
530faca9bcbc57f1066bc2f4,Cigkofte Place,Food,cat_530faca9bcbc57f1066bc2f4
55a5a1ebe4b013909087cb8c,Romagna Restaurant,Food,cat_55a5a1ebe4b013909087cb8c
4bf58dd8d48988d151941735,Taco Place,Food,cat_4bf58dd8d48988d151941735
5283c7b4e4b094cb91ec88d5,Manti Place,Food,cat_5283c7b4e4b094cb91ec88d5
5283c7b4e4b094cb91ec88d4,Turkish Home Cooking Restaurant,Food,cat_5283c7b4e4b094cb91ec88d4
5413605de4b0ae91d18581a9,Sri Lankan Restaurant,Food,cat_5413605de4b0ae91d18581a9
4bf58dd8d48988d16c941735,Burger Joint,Food,cat_4bf58dd8d48988d16c941735
4bf58dd8d48988d1d0941735,Dessert Shop,Food,cat_4bf58dd8d48988d1d0941735
4bf58dd8d48988d179941735,Bagel Shop,Food,cat_4bf58dd8d48988d179941735
4bf58dd8d48988d1be941735,Latin American Restaurant,Food,cat_4bf58dd8d48988d1be941735
4bf58dd8d48988d10c941735,French Restaurant,Food,cat_4bf58dd8d48988d10c941735
4def73e84765ae376e57713a,Portuguese Restaurant,Food,cat_4def73e84765ae376e57713a
4bf58dd8d48988d1d3941735,Vegetarian / Vegan Restaurant,Food,cat_4bf58dd8d48988d1d3941735
4bf58dd8d48988d108941735,Dumpling Restaurant,Food,cat_4bf58dd8d48988d108941735
4bf58dd8d48988d10d941735,German Restaurant,Food,cat_4bf58dd8d48988d10d941735
5744ccdfe4b0c0459246b4d0,Dutch Restaurant,Food,cat_5744ccdfe4b0c0459246b4d0
4bf58dd8d48988d1c4941735,Restaurant,Food,cat_4bf58dd8d48988d1c4941735
4edd64a0c7ddd24ca188df1a,Fish & Chips Shop,Food,cat_4edd64a0c7ddd24ca188df1a
4bf58dd8d48988d1c2941735,Molecular Gastronomy Restaurant,Food,cat_4bf58dd8d48988d1c2941735
4bf58dd8d48988d1bd941735,Salad Place,Food,cat_4bf58dd8d48988d1bd941735
4bf58dd8d48988d16f941735,Hot Dog Joint,Food,cat_4bf58dd8d48988d16f941735
4bf58dd8d48988d147941735,Diner,Food,cat_4bf58dd8d48988d147941735
52e81612bcbc57f1066b79f9,Modern European Restaurant,Food,cat_52e81612bcbc57f1066b79f9
4bf58dd8d48988d1bf941735,Mac & Cheese Joint,Food,cat_4bf58dd8d48988d1bf941735
52e81612bcbc57f1066b79fa,Hungarian Restaurant,Food,cat_52e81612bcbc57f1066b79fa
52e81612bcbc57f1066b79ff,Halal Restaurant,Food,cat_52e81612bcbc57f1066b79ff
4bf58dd8d48988d143941735,Breakfast Spot,Food,cat_4bf58dd8d48988d143941735
4bf58dd8d48988d10e941735,Greek Restaurant,Food,cat_4bf58dd8d48988d10e941735
4bf58dd8d48988d16e941735,Fast Food Restaurant,Food,cat_4bf58dd8d48988d16e941735
4bf58dd8d48988d115941735,Middle Eastern Restaurant,Food,cat_4bf58dd8d48988d115941735
52e81612bcbc57f1066b7a02,Belgian Restaurant,Food,cat_52e81612bcbc57f1066b7a02
4bf58dd8d48988d1df931735,BBQ Joint,Food,cat_4bf58dd8d48988d1df931735
52e81612bcbc57f1066b79fd,Jewish Restaurant,Food,cat_52e81612bcbc57f1066b79fd
52f2ae52bcbc57f1066b8b81,Czech Restaurant,Food,cat_52f2ae52bcbc57f1066b8b81
4bf58dd8d48988d155941735,Gastropub,Food,cat_4bf58dd8d48988d155941735
52e81612bcbc57f1066b7a01,Austrian Restaurant,Food,cat_52e81612bcbc57f1066b7a01
4bf58dd8d48988d17a941735,Cajun / Creole Restaurant,Food,cat_4bf58dd8d48988d17a941735
4bf58dd8d48988d144941735,Caribbean Restaurant,Food,cat_4bf58dd8d48988d144941735
4bf58dd8d48988d146941735,Deli / Bodega,Food,cat_4bf58dd8d48988d146941735
56aa371be4b08b9a8d573538,Theme Restaurant,Food,cat_56aa371be4b08b9a8d573538
4bf58dd8d48988d1ce941735,Seafood Restaurant,Food,cat_4bf58dd8d48988d1ce941735
4bf58dd8d48988d1c5941735,Sandwich Place,Food,cat_4bf58dd8d48988d1c5941735
4bf58dd8d48988d10f941735,Indian Restaurant,Food,cat_4bf58dd8d48988d10f941735
52e81612bcbc57f1066b7a00,Comfort Food Restaurant,Food,cat_52e81612bcbc57f1066b7a00
4bf58dd8d48988d1c1941735,Mexican Restaurant,Food,cat_4bf58dd8d48988d1c1941735
4d4ae6fc7a7b7dea34424761,Fried Chicken Joint,Food,cat_4d4ae6fc7a7b7dea34424761
4bf58dd8d48988d14c941735,Wings Joint,Food,cat_4bf58dd8d48988d14c941735
4bf58dd8d48988d150941735,Spanish Restaurant,Food,cat_4bf58dd8d48988d150941735
55d25775498e9f6a0816a37a,Friterie,Food,cat_55d25775498e9f6a0816a37a
5293a7563cf9994f4e043a44,Russian Restaurant,Food,cat_5293a7563cf9994f4e043a44
4bf58dd8d48988d1c0941735,Mediterranean Restaurant,Food,cat_4bf58dd8d48988d1c0941735
4c2cd86ed066bed06c3c5209,Gluten-free Restaurant,Food,cat_4c2cd86ed066bed06c3c5209
52e81612bcbc57f1066b7a06,Irish Pub,Food,cat_52e81612bcbc57f1066b7a06
56aa371be4b08b9a8d57350b,Food Stand,Food,cat_56aa371be4b08b9a8d57350b
4bf58dd8d48988d148941735,Donut Shop,Food,cat_4bf58dd8d48988d148941735
5293a7d53cf9994f4e043a45,Caucasian Restaurant,Food,cat_5293a7d53cf9994f4e043a45
52e81612bcbc57f1066b79f2,Creperie,Food,cat_52e81612bcbc57f1066b79f2
52e81612bcbc57f1066b7a05,English Restaurant,Food,cat_52e81612bcbc57f1066b7a05
4bf58dd8d48988d1dc931735,Tea Room,Food,cat_4bf58dd8d48988d1dc931735
4bf58dd8d48988d16a941735,Bakery,Food,cat_4bf58dd8d48988d16a941735
4bf58dd8d48988d1c6941735,Scandinavian Restaurant,Food,cat_4bf58dd8d48988d1c6941735
52e81612bcbc57f1066b7a09,Fondue Restaurant,Food,cat_52e81612bcbc57f1066b7a09
5283c7b4e4b094cb91ec88d7,Kebab Restaurant,Food,cat_5283c7b4e4b094cb91ec88d7
4bf58dd8d48988d128941735,Cafeteria,Food,cat_4bf58dd8d48988d128941735
4bf58dd8d48988d169941735,Australian Restaurant,Food,cat_4bf58dd8d48988d169941735
52e81612bcbc57f1066b7a0c,Bubble Tea Shop,Food,cat_52e81612bcbc57f1066b7a0c
52e81612bcbc57f1066b79f4,Buffet,Food,cat_52e81612bcbc57f1066b79f4
4bf58dd8d48988d10b941735,Falafel Restaurant,Food,cat_4bf58dd8d48988d10b941735
4bf58dd8d48988d14e941735,American Restaurant,Food,cat_4bf58dd8d48988d14e941735
4bf58dd8d48988d16d941735,Café,Food,cat_4bf58dd8d48988d16d941735
52e81612bcbc57f1066b79f8,Pakistani Restaurant,Food,cat_52e81612bcbc57f1066b79f8
503288ae91d4c4b30a586d67,Afghan Restaurant,Food,cat_503288ae91d4c4b30a586d67
4bf58dd8d48988d1e0931735,Coffee Shop,Food,cat_4bf58dd8d48988d1e0931735
4bf58dd8d48988d120951735,Food Court,Food,cat_4bf58dd8d48988d120951735
4bf58dd8d48988d1c8941735,African Restaurant,Food,cat_4bf58dd8d48988d1c8941735
52e81612bcbc57f1066b79fe,Hawaiian Restaurant,Food,cat_52e81612bcbc57f1066b79fe
52e928d0bcbc57f1066b7e96,Ukrainian Restaurant,Food,cat_52e928d0bcbc57f1066b7e96
4bf58dd8d48988d1cb941735,Food Truck,Food,cat_4bf58dd8d48988d1cb941735
4bf58dd8d48988d110941735,Italian Restaurant,Food,cat_4bf58dd8d48988d110941735
4bf58dd8d48988d14f941735,Southern / Soul Food Restaurant,Food,cat_4bf58dd8d48988d14f941735
52e81612bcbc57f1066b79f1,Bistro,Food,cat_52e81612bcbc57f1066b79f1
4bf58dd8d48988d112941735,Juice Bar,Food,cat_4bf58dd8d48988d112941735
4bf58dd8d48988d1cc941735,Steakhouse,Food,cat_4bf58dd8d48988d1cc941735
4f04af1f2fb6e1c99f3db0bb,Turkish Restaurant,Food,cat_4f04af1f2fb6e1c99f3db0bb
4bf58dd8d48988d1c7941735,Snack Place,Food,cat_4bf58dd8d48988d1c7941735
5744ccdde4b0c0459246b4a3,Scottish Restaurant,Food,cat_5744ccdde4b0c0459246b4a3
4bf58dd8d48988d1ca941735,Pizza Place,Food,cat_4bf58dd8d48988d1ca941735
4bf58dd8d48988d1dd931735,Soup Place,Food,cat_4bf58dd8d48988d1dd931735
56aa371be4b08b9a8d573508,Pet Café,Food,cat_56aa371be4b08b9a8d573508
4bf58dd8d48988d142941735,Asian Restaurant,Food,cat_4bf58dd8d48988d142941735
4bf58dd8d48988d158941735,Swiss Restaurant,Food,cat_4bf58dd8d48988d158941735
4bf58dd8d48988d109941735,Eastern European Restaurant,Food,cat_4bf58dd8d48988d109941735
52e81612bcbc57f1066b7a04,Polish Restaurant,Food,cat_52e81612bcbc57f1066b7a04
4d4b7105d754a06374d81259,Food,Food,cat_4d4b7105d754a06374d81259
52e81612bcbc57f1066b7a0e,Champagne Bar,Nightlife,cat_52e81612bcbc57f1066b7a0e
4bf58dd8d48988d11c941735,Sake Bar,Nightlife,cat_4bf58dd8d48988d11c941735
4bf58dd8d48988d118941735,Dive Bar,Nightlife,cat_4bf58dd8d48988d118941735
4bf58dd8d48988d1d4941735,Speakeasy,Nightlife,cat_4bf58dd8d48988d1d4941735
4bf58dd8d48988d11e941735,Cocktail Bar,Nightlife,cat_4bf58dd8d48988d11e941735
4bf58dd8d48988d1d8941735,Gay Bar,Nightlife,cat_4bf58dd8d48988d1d8941735
4bf58dd8d48988d120941735,Karaoke Bar,Nightlife,cat_4bf58dd8d48988d120941735
4bf58dd8d48988d119941735,Hookah Bar,Nightlife,cat_4bf58dd8d48988d119941735
4bf58dd8d48988d123941735,Wine Bar,Nightlife,cat_4bf58dd8d48988d123941735
4bf58dd8d48988d11d941735,Sports Bar,Nightlife,cat_4bf58dd8d48988d11d941735
52e81612bcbc57f1066b7a0d,Beach Bar,Nightlife,cat_52e81612bcbc57f1066b7a0d
4bf58dd8d48988d117941735,Beer Garden,Nightlife,cat_4bf58dd8d48988d117941735
56aa371ce4b08b9a8d57356c,Beer Bar,Nightlife,cat_56aa371ce4b08b9a8d57356c
4bf58dd8d48988d1d5941735,Hotel Bar,Nightlife,cat_4bf58dd8d48988d1d5941735
56aa371be4b08b9a8d57354d,Tiki Bar,Nightlife,cat_56aa371be4b08b9a8d57354d
4bf58dd8d48988d11b941735,Pub,Nightlife,cat_4bf58dd8d48988d11b941735
4bf58dd8d48988d122941735,Whisky Bar,Nightlife,cat_4bf58dd8d48988d122941735
4bf58dd8d48988d1d6941735,Strip Club,Nightlife,cat_4bf58dd8d48988d1d6941735
4bf58dd8d48988d116941735,Bar,Nightlife,cat_4bf58dd8d48988d116941735
4bf58dd8d48988d11f941735,Nightclub,Nightlife,cat_4bf58dd8d48988d11f941735
50327c8591d4c4b30a586d5d,Brewery,Nightlife,cat_50327c8591d4c4b30a586d5d
4bf58dd8d48988d11a941735,Other Nightlife,Nightlife,cat_4bf58dd8d48988d11a941735
53e510b7498ebcb1801b55d4,Night Market,Nightlife,cat_53e510b7498ebcb1801b55d4
4bf58dd8d48988d121941735,Lounge,Nightlife,cat_4bf58dd8d48988d121941735
4d4b7105d754a06376d81259,Nightlife Spot,Nightlife,cat_4d4b7105d754a06376d81259
4bf58dd8d48988d102941735,Yoga Studio,Recreation,cat_4bf58dd8d48988d102941735
4bf58dd8d48988d176941735,Gym,Recreation,cat_4bf58dd8d48988d176941735
4bf58dd8d48988d105941735,Gym Pool,Recreation,cat_4bf58dd8d48988d105941735
52f2ab2ebcbc57f1066b8b49,Cycle Studio,Recreation,cat_52f2ab2ebcbc57f1066b8b49
4bf58dd8d48988d101941735,Martial Arts Dojo,Recreation,cat_4bf58dd8d48988d101941735
52f2ab2ebcbc57f1066b8b47,Boxing Gym,Recreation,cat_52f2ab2ebcbc57f1066b8b47
5744ccdfe4b0c0459246b4b2,Pilates Studio,Recreation,cat_5744ccdfe4b0c0459246b4b2
590a0744340a5803fd8508c3,Weight Loss Center,Recreation,cat_590a0744340a5803fd8508c3
52f2ab2ebcbc57f1066b8b48,Gymnastics Gym,Recreation,cat_52f2ab2ebcbc57f1066b8b48
503289d391d4c4b30a586d6a,Climbing Gym,Recreation,cat_503289d391d4c4b30a586d6a
58daa1558bbb0b01f18ec203,Outdoor Gym,Recreation,cat_58daa1558bbb0b01f18ec203
52e81612bcbc57f1066b7a2d,Squash Court,Recreation,cat_52e81612bcbc57f1066b7a2d
4bf58dd8d48988d1e1941735,Basketball Court,Recreation,cat_4bf58dd8d48988d1e1941735
52e81612bcbc57f1066b7a2e,Sports Club,Recreation,cat_52e81612bcbc57f1066b7a2e
4bf58dd8d48988d1e6941735,Golf Course,Recreation,cat_4bf58dd8d48988d1e6941735
52e81612bcbc57f1066b7a2f,Bowling Green,Recreation,cat_52e81612bcbc57f1066b7a2f
4bf58dd8d48988d167941735,Skate Park,Recreation,cat_4bf58dd8d48988d167941735
52e81612bcbc57f1066b7a2c,Rugby Pitch,Recreation,cat_52e81612bcbc57f1066b7a2c
4e39a956bd410d7aed40cbc3,Tennis Court,Recreation,cat_4e39a956bd410d7aed40cbc3
4bf58dd8d48988d1ec941735,Ski Chalet,Recreation,cat_4bf58dd8d48988d1ec941735
4bf58dd8d48988d175941735,Gym / Fitness Center,Recreation,cat_4bf58dd8d48988d175941735
52e81612bcbc57f1066b7a26,Recreation Center,Recreation,cat_52e81612bcbc57f1066b7a26
5744ccdfe4b0c0459246b4b5,Indoor Play Area,Recreation,cat_5744ccdfe4b0c0459246b4b5
4f4528bc4b90abdf24c9de85,Athletics & Sports,Recreation,cat_4f4528bc4b90abdf24c9de85
4bf58dd8d48988d11e951735,Cheese Shop,Shops & Services,cat_4bf58dd8d48988d11e951735
4bf58dd8d48988d104951735,Boutique,Shops & Services,cat_4bf58dd8d48988d104951735
58daa1558bbb0b01f18ec1ca,Dairy Store,Shops & Services,cat_58daa1558bbb0b01f18ec1ca
4bf58dd8d48988d186941735,Liquor Store,Shops & Services,cat_4bf58dd8d48988d186941735
5370f356bcbc57f1066c94c2,Beer Store,Shops & Services,cat_5370f356bcbc57f1066c94c2
4bf58dd8d48988d10e951735,Fish Market,Shops & Services,cat_4bf58dd8d48988d10e951735
4bf58dd8d48988d109951735,Lingerie Store,Shops & Services,cat_4bf58dd8d48988d109951735
4bf58dd8d48988d108951735,Women's Store,Shops & Services,cat_4bf58dd8d48988d108951735
53e0feef498e5aac066fd8a9,Street Food Gathering,Shops & Services,cat_53e0feef498e5aac066fd8a9
56aa371be4b08b9a8d573564,Sausage Shop,Shops & Services,cat_56aa371be4b08b9a8d573564
52f2ab2ebcbc57f1066b8b46,Supermarket,Shops & Services,cat_52f2ab2ebcbc57f1066b8b46
4bf58dd8d48988d105951735,Kids Store,Shops & Services,cat_4bf58dd8d48988d105951735
52f2ab2ebcbc57f1066b8b45,Organic Grocery,Shops & Services,cat_52f2ab2ebcbc57f1066b8b45
4bf58dd8d48988d102951735,Accessories Store,Shops & Services,cat_4bf58dd8d48988d102951735
4bf58dd8d48988d1f5941735,Gourmet Shop,Shops & Services,cat_4bf58dd8d48988d1f5941735
56aa371be4b08b9a8d573550,Food Service,Shops & Services,cat_56aa371be4b08b9a8d573550
4bf58dd8d48988d118951735,Grocery Store,Shops & Services,cat_4bf58dd8d48988d118951735
4bf58dd8d48988d11d951735,Butcher,Shops & Services,cat_4bf58dd8d48988d11d951735
50aa9e744b90af0d42d5de0e,Health Food Store,Shops & Services,cat_50aa9e744b90af0d42d5de0e
55888a5a498e782e3303b43a,Lighting Store,Shops & Services,cat_55888a5a498e782e3303b43a
4bf58dd8d48988d119951735,Wine Shop,Shops & Services,cat_4bf58dd8d48988d119951735
4f4532974b9074f6e4fb0104,Daycare,Shops & Services,cat_4f4532974b9074f6e4fb0104
4bf58dd8d48988d106951735,Men's Store,Shops & Services,cat_4bf58dd8d48988d106951735
4bf58dd8d48988d107951735,Shoe Store,Shops & Services,cat_4bf58dd8d48988d107951735
4bf58dd8d48988d1fa941735,Farmers Market,Shops & Services,cat_4bf58dd8d48988d1fa941735
56aa371be4b08b9a8d573554,Entertainment Service,Shops & Services,cat_56aa371be4b08b9a8d573554
5032885091d4c4b30a586d66,Real Estate Office,Shops & Services,cat_5032885091d4c4b30a586d66
4bf58dd8d48988d100951735,Pet Store,Shops & Services,cat_4bf58dd8d48988d100951735
58daa1558bbb0b01f18ec1b4,Kitchen Supply Store,Shops & Services,cat_58daa1558bbb0b01f18ec1b4
5ae95d208a6f17002ce792b2,Notary,Shops & Services,cat_5ae95d208a6f17002ce792b2
54541900498ea6ccd0202697,Health & Beauty Service,Shops & Services,cat_54541900498ea6ccd0202697
4eb1c0253b7b52c0e1adc2e9,Garden Center,Shops & Services,cat_4eb1c0253b7b52c0e1adc2e9
52f2ab2ebcbc57f1066b8b24,Frame Store,Shops & Services,cat_52f2ab2ebcbc57f1066b8b24
56aa371be4b08b9a8d573505,Floating Market,Shops & Services,cat_56aa371be4b08b9a8d573505
52f2ab2ebcbc57f1066b8b2f,Other Repair Shop,Shops & Services,cat_52f2ab2ebcbc57f1066b8b2f
50aaa5234b90af0d42d5de12,Hunting Supply,Shops & Services,cat_50aaa5234b90af0d42d5de12
4bf58dd8d48988d124951735,Automotive Shop,Shops & Services,cat_4bf58dd8d48988d124951735
4bf58dd8d48988d115951735,Bike Shop,Shops & Services,cat_4bf58dd8d48988d115951735
4eb1c1623b7b52c0e1adc2ec,Auto Dealership,Shops & Services,cat_4eb1c1623b7b52c0e1adc2ec
52f2ab2ebcbc57f1066b8b25,Knitting Store,Shops & Services,cat_52f2ab2ebcbc57f1066b8b25
52f2ab2ebcbc57f1066b8b37,Recording Studio,Shops & Services,cat_52f2ab2ebcbc57f1066b8b37
4bf58dd8d48988d1de931735,Tattoo Parlor,Shops & Services,cat_4bf58dd8d48988d1de931735
52f2ab2ebcbc57f1066b8b2e,Watch Shop,Shops & Services,cat_52f2ab2ebcbc57f1066b8b2e
52f2ab2ebcbc57f1066b8b1f,Shipping Store,Shops & Services,cat_52f2ab2ebcbc57f1066b8b1f
52f2ab2ebcbc57f1066b8b38,Lottery Retailer,Shops & Services,cat_52f2ab2ebcbc57f1066b8b38
52f2ab2ebcbc57f1066b8b30,Used Bookstore,Shops & Services,cat_52f2ab2ebcbc57f1066b8b30
4bf58dd8d48988d11b951735,Flower Shop,Shops & Services,cat_4bf58dd8d48988d11b951735
4f04b08c2fb6e1c99f3db0bd,Travel Agency,Shops & Services,cat_4f04b08c2fb6e1c99f3db0bd
4bf58dd8d48988d1f3941735,Toy / Game Store,Shops & Services,cat_4bf58dd8d48988d1f3941735
52f2ab2ebcbc57f1066b8b2b,Leather Goods Store,Shops & Services,cat_52f2ab2ebcbc57f1066b8b2b
52f2ab2ebcbc57f1066b8b40,Betting Shop,Shops & Services,cat_52f2ab2ebcbc57f1066b8b40
56aa371be4b08b9a8d5734d3,Auto Workshop,Shops & Services,cat_56aa371be4b08b9a8d5734d3
5bae9231bedf3950379f89d2,Skate Shop,Shops & Services,cat_5bae9231bedf3950379f89d2
52f2ab2ebcbc57f1066b8b18,Comic Shop,Shops & Services,cat_52f2ab2ebcbc57f1066b8b18
52f2ab2ebcbc57f1066b8b22,Outdoor Supply Store,Shops & Services,cat_52f2ab2ebcbc57f1066b8b22
52f2ab2ebcbc57f1066b8b27,Mattress Store,Shops & Services,cat_52f2ab2ebcbc57f1066b8b27
52dea92d3cf9994f4e043dbb,Discount Store,Shops & Services,cat_52dea92d3cf9994f4e043dbb
4bf58dd8d48988d1f1941735,Board Shop,Shops & Services,cat_4bf58dd8d48988d1f1941735
52f2ab2ebcbc57f1066b8b20,Piercing Parlor,Shops & Services,cat_52f2ab2ebcbc57f1066b8b20
4bf58dd8d48988d1ff941735,Miscellaneous Shop,Shops & Services,cat_4bf58dd8d48988d1ff941735
58daa1558bbb0b01f18ec206,Medical Supply Store,Shops & Services,cat_58daa1558bbb0b01f18ec206
5744ccdfe4b0c0459246b4c7,Child Care Service,Shops & Services,cat_5744ccdfe4b0c0459246b4c7
4bf58dd8d48988d1f9941735,Food & Drink Shop,Shops & Services,cat_4bf58dd8d48988d1f9941735
52f2ab2ebcbc57f1066b8b3a,Fireworks Store,Shops & Services,cat_52f2ab2ebcbc57f1066b8b3a
5454152e498ef71e2b9132c6,Event Service,Shops & Services,cat_5454152e498ef71e2b9132c6
52f2ab2ebcbc57f1066b8b29,Luggage Store,Shops & Services,cat_52f2ab2ebcbc57f1066b8b29
4bf58dd8d48988d127951735,Arts & Crafts Store,Shops & Services,cat_4bf58dd8d48988d127951735
52f2ab2ebcbc57f1066b8b39,Shoe Repair,Shops & Services,cat_52f2ab2ebcbc57f1066b8b39
4bf58dd8d48988d1f7941735,Flea Market,Shops & Services,cat_4bf58dd8d48988d1f7941735
5453de49498eade8af355881,Business Service,Shops & Services,cat_5453de49498eade8af355881
554a5e17498efabeda6cc559,Photography Studio,Shops & Services,cat_554a5e17498efabeda6cc559
4eb1bdf03b7b55596b4a7491,Camera Store,Shops & Services,cat_4eb1bdf03b7b55596b4a7491
4d954b0ea243a5684a65b473,Convenience Store,Shops & Services,cat_4d954b0ea243a5684a65b473
52f2ab2ebcbc57f1066b8b3d,Pop-Up Shop,Shops & Services,cat_52f2ab2ebcbc57f1066b8b3d
4f4531084b9074f6e4fb0101,Recycling Facility,Shops & Services,cat_4f4531084b9074f6e4fb0101
4bf58dd8d48988d116951735,Antique Shop,Shops & Services,cat_4bf58dd8d48988d116951735
56aa371be4b08b9a8d57355c,Vape Store,Shops & Services,cat_56aa371be4b08b9a8d57355c
52f2ab2ebcbc57f1066b8b1e,Locksmith,Shops & Services,cat_52f2ab2ebcbc57f1066b8b1e
58daa1558bbb0b01f18ec1f1,Insurance Office,Shops & Services,cat_58daa1558bbb0b01f18ec1f1
4bf58dd8d48988d1f0941735,Internet Cafe,Shops & Services,cat_4bf58dd8d48988d1f0941735
4bf58dd8d48988d114951735,Bookstore,Shops & Services,cat_4bf58dd8d48988d114951735
4bf58dd8d48988d122951735,Electronics Store,Shops & Services,cat_4bf58dd8d48988d122951735
52f2ab2ebcbc57f1066b8b2a,Carpet Store,Shops & Services,cat_52f2ab2ebcbc57f1066b8b2a
4bf58dd8d48988d121951735,Paper / Office Supplies Store,Shops & Services,cat_4bf58dd8d48988d121951735
4bf58dd8d48988d1fe941735,Music Store,Shops & Services,cat_4bf58dd8d48988d1fe941735
545419b1498ea6ccd0202f58,Home Service,Shops & Services,cat_545419b1498ea6ccd0202f58
4f04aa0c2fb6e1c99f3db0b8,Nail Salon,Shops & Services,cat_4f04aa0c2fb6e1c99f3db0b8
4bf58dd8d48988d113951735,Gas Station,Shops & Services,cat_4bf58dd8d48988d113951735
58daa1558bbb0b01f18ec1ae,Sauna / Steam Room,Shops & Services,cat_58daa1558bbb0b01f18ec1ae
4bf58dd8d48988d101951735,Thrift / Vintage Store,Shops & Services,cat_4bf58dd8d48988d101951735
52f2ab2ebcbc57f1066b8b23,Perfume Shop,Shops & Services,cat_52f2ab2ebcbc57f1066b8b23
4f04ad622fb6e1c99f3db0b9,Newsstand,Shops & Services,cat_4f04ad622fb6e1c99f3db0b9
4bf58dd8d48988d10a951735,Bank,Shops & Services,cat_4bf58dd8d48988d10a951735
52f2ab2ebcbc57f1066b8b1c,Fruit & Vegetable Store,Shops & Services,cat_52f2ab2ebcbc57f1066b8b1c
4bf58dd8d48988d10d951735,Record Shop,Shops & Services,cat_4bf58dd8d48988d10d951735
5032850891d4c4b30a586d62,Credit Union,Shops & Services,cat_5032850891d4c4b30a586d62
4bf58dd8d48988d18d941735,Gaming Cafe,Shops & Services,cat_4bf58dd8d48988d18d941735
4bf58dd8d48988d1f6941735,Department Store,Shops & Services,cat_4bf58dd8d48988d1f6941735
4bf58dd8d48988d1f4941735,Design Studio,Shops & Services,cat_4bf58dd8d48988d1f4941735
52f2ab2ebcbc57f1066b8b32,Baby Store,Shops & Services,cat_52f2ab2ebcbc57f1066b8b32
52c71aaf3cf9994f4e043d17,Marijuana Dispensary,Shops & Services,cat_52c71aaf3cf9994f4e043d17
52e816a6bcbc57f1066b7a54,Warehouse Store,Shops & Services,cat_52e816a6bcbc57f1066b7a54
5744ccdfe4b0c0459246b4be,Currency Exchange,Shops & Services,cat_5744ccdfe4b0c0459246b4be
52f2ab2ebcbc57f1066b8b43,Astrologer,Shops & Services,cat_52f2ab2ebcbc57f1066b8b43
4bf58dd8d48988d103951735,Clothing Store,Shops & Services,cat_4bf58dd8d48988d103951735
4d954afda243a5684865b473,Optical Shop,Shops & Services,cat_4d954afda243a5684865b473
4bf58dd8d48988d128951735,Gift Shop,Shops & Services,cat_4bf58dd8d48988d128951735
52f2ab2ebcbc57f1066b8b1a,Dive Shop,Shops & Services,cat_52f2ab2ebcbc57f1066b8b1a
56aa371be4b08b9a8d57354a,Mobility Store,Shops & Services,cat_56aa371be4b08b9a8d57354a
52f2ab2ebcbc57f1066b8b3f,Lawyer,Shops & Services,cat_52f2ab2ebcbc57f1066b8b3f
52f2ab2ebcbc57f1066b8b34,Pawn Shop,Shops & Services,cat_52f2ab2ebcbc57f1066b8b34
56aa371be4b08b9a8d573552,Rental Service,Shops & Services,cat_56aa371be4b08b9a8d573552
4bf58dd8d48988d111951735,Jewelry Store,Shops & Services,cat_4bf58dd8d48988d111951735
59d79d6b2e268052fa2a3332,Motorsports Shop,Shops & Services,cat_59d79d6b2e268052fa2a3332
4bf58dd8d48988d117951735,Candy Store,Shops & Services,cat_4bf58dd8d48988d117951735
52f2ab2ebcbc57f1066b8b56,ATM,Shops & Services,cat_52f2ab2ebcbc57f1066b8b56
4f04ae1f2fb6e1c99f3db0ba,Car Wash,Shops & Services,cat_4f04ae1f2fb6e1c99f3db0ba
52f2ab2ebcbc57f1066b8b28,Print Shop,Shops & Services,cat_52f2ab2ebcbc57f1066b8b28
4bf58dd8d48988d10f951735,Pharmacy,Shops & Services,cat_4bf58dd8d48988d10f951735
4d1cf8421a97d635ce361c31,Tanning Salon,Shops & Services,cat_4d1cf8421a97d635ce361c31
4bf58dd8d48988d112951735,Hardware Store,Shops & Services,cat_4bf58dd8d48988d112951735
52f2ab2ebcbc57f1066b8b36,IT Services,Shops & Services,cat_52f2ab2ebcbc57f1066b8b36
5745c2e4498e11e7bccabdbd,Drugstore,Shops & Services,cat_5745c2e4498e11e7bccabdbd
5744ccdfe4b0c0459246b4df,Outlet Mall,Shops & Services,cat_5744ccdfe4b0c0459246b4df
52f2ab2ebcbc57f1066b8b1b,Souvenir Shop,Shops & Services,cat_52f2ab2ebcbc57f1066b8b1b
52f2ab2ebcbc57f1066b8b2d,Check Cashing Service,Shops & Services,cat_52f2ab2ebcbc57f1066b8b2d
5032872391d4c4b30a586d64,EV Charging Station,Shops & Services,cat_5032872391d4c4b30a586d64
4bf58dd8d48988d1ed941735,Spa,Shops & Services,cat_4bf58dd8d48988d1ed941735
5032897c91d4c4b30a586d69,Pet Service,Shops & Services,cat_5032897c91d4c4b30a586d69
5454144b498ec1f095bff2f2,Construction & Landscaping,Shops & Services,cat_5454144b498ec1f095bff2f2
52f2ab2ebcbc57f1066b8b2c,Herbs & Spices Store,Shops & Services,cat_52f2ab2ebcbc57f1066b8b2c
4bf58dd8d48988d10b951735,Video Game Store,Shops & Services,cat_4bf58dd8d48988d10b951735
4bf58dd8d48988d1f8941735,Furniture / Home Store,Shops & Services,cat_4bf58dd8d48988d1f8941735
52f2ab2ebcbc57f1066b8b26,Fabric Shop,Shops & Services,cat_52f2ab2ebcbc57f1066b8b26
4d4b7105d754a06378d81259,Shop & Service,Shops & Services,cat_4d4b7105d754a06378d81259
52f2ab2ebcbc57f1066b8b16,Fishing Store,Shops & Services,cat_52f2ab2ebcbc57f1066b8b16
5267e446e4b0ec79466e48c4,Adult Boutique,Shops & Services,cat_5267e446e4b0ec79466e48c4
52f2ab2ebcbc57f1066b8b21,Stationery Store,Shops & Services,cat_52f2ab2ebcbc57f1066b8b21
4bf58dd8d48988d11a951735,Bridal Shop,Shops & Services,cat_4bf58dd8d48988d11a951735
56aa371be4b08b9a8d573523,Film Studio,Shops & Services,cat_56aa371be4b08b9a8d573523
503287a291d4c4b30a586d65,Financial or Legal Service,Shops & Services,cat_503287a291d4c4b30a586d65
52f2ab2ebcbc57f1066b8b33,Laundromat,Shops & Services,cat_52f2ab2ebcbc57f1066b8b33
4bf58dd8d48988d126951735,Video Store,Shops & Services,cat_4bf58dd8d48988d126951735
52f2ab2ebcbc57f1066b8b31,Chocolate Shop,Shops & Services,cat_52f2ab2ebcbc57f1066b8b31
4eb1bdde3b7b55596b4a7490,Photography Lab,Shops & Services,cat_4eb1bdde3b7b55596b4a7490
52f2ab2ebcbc57f1066b8b44,Auto Garage,Shops & Services,cat_52f2ab2ebcbc57f1066b8b44
52e81612bcbc57f1066b7a27,Bath House,Shops & Services,cat_52e81612bcbc57f1066b7a27
50be8ee891d4fa8dcc7199a7,Market,Shops & Services,cat_50be8ee891d4fa8dcc7199a7
56aa371be4b08b9a8d573566,Ski Shop,Shops & Services,cat_56aa371be4b08b9a8d573566
4bf58dd8d48988d10c951735,Cosmetics Shop,Shops & Services,cat_4bf58dd8d48988d10c951735
52f2ab2ebcbc57f1066b8b17,Costume Shop,Shops & Services,cat_52f2ab2ebcbc57f1066b8b17
4bf58dd8d48988d123951735,Smoke Shop,Shops & Services,cat_4bf58dd8d48988d123951735
52f2ab2ebcbc57f1066b8b41,Smoothie Shop,Shops & Services,cat_52f2ab2ebcbc57f1066b8b41
4bf58dd8d48988d1fb941735,Hobby Shop,Shops & Services,cat_4bf58dd8d48988d1fb941735
4f04b1572fb6e1c99f3db0bf,Storage Facility,Shops & Services,cat_4f04b1572fb6e1c99f3db0bf
52f2ab2ebcbc57f1066b8b19,Gun Shop,Shops & Services,cat_52f2ab2ebcbc57f1066b8b19
52f2ab2ebcbc57f1066b8b35,Outlet Store,Shops & Services,cat_52f2ab2ebcbc57f1066b8b35
4bf58dd8d48988d1fd941735,Shopping Mall,Shops & Services,cat_4bf58dd8d48988d1fd941735
5744ccdfe4b0c0459246b4c4,Public Bathroom,Shops & Services,cat_5744ccdfe4b0c0459246b4c4
52f2ab2ebcbc57f1066b8b42,Big Box Store,Shops & Services,cat_52f2ab2ebcbc57f1066b8b42
52f2ab2ebcbc57f1066b8b3c,Massage Studio,Shops & Services,cat_52f2ab2ebcbc57f1066b8b3c
5032833091d4c4b30a586d60,Motorcycle Shop,Shops & Services,cat_5032833091d4c4b30a586d60
52f2ab2ebcbc57f1066b8b1d,Dry Cleaner,Shops & Services,cat_52f2ab2ebcbc57f1066b8b1d
5032781d91d4c4b30a586d5b,Tailor Shop,Shops & Services,cat_5032781d91d4c4b30a586d5b
4bf58dd8d48988d1fc941735,Laundry Service,Shops & Services,cat_4bf58dd8d48988d1fc941735
5744ccdfe4b0c0459246b4cd,Supplement Shop,Shops & Services,cat_5744ccdfe4b0c0459246b4cd
4bf58dd8d48988d110951735,Salon / Barbershop,Shops & Services,cat_4bf58dd8d48988d110951735
4f04afc02fb6e1c99f3db0bc,Mobile Phone Shop,Shops & Services,cat_4f04afc02fb6e1c99f3db0bc
5744ccdfe4b0c0459246b4dc,Shopping Plaza,Shops & Services,cat_5744ccdfe4b0c0459246b4dc
4bf58dd8d48988d1f2941735,Sporting Goods Shop,Shops & Services,cat_4bf58dd8d48988d1f2941735
58daa1558bbb0b01f18ec1f7,Hospital Ward,Professional Places,cat_58daa1558bbb0b01f18ec1f7
52e81612bcbc57f1066b7a3d,Advertising Agency,Professional Places,cat_52e81612bcbc57f1066b7a3d
52e81612bcbc57f1066b7a46,Private School,Professional Places,cat_52e81612bcbc57f1066b7a46
5665ef1d498ec706735f0e59,Corporate Amenity,Professional Places,cat_5665ef1d498ec706735f0e59
4bf58dd8d48988d174941735,Coworking Space,Professional Places,cat_4bf58dd8d48988d174941735
4bf58dd8d48988d125941735,Tech Startup,Professional Places,cat_4bf58dd8d48988d125941735
4bf58dd8d48988d100941735,Meeting Room,Professional Places,cat_4bf58dd8d48988d100941735
5665c7b9498e7d8a4f2c0f06,Corporate Coffee Shop,Professional Places,cat_5665c7b9498e7d8a4f2c0f06
52e81612bcbc57f1066b7a42,Driving School,Professional Places,cat_52e81612bcbc57f1066b7a42
4bf58dd8d48988d194941735,Emergency Room,Professional Places,cat_4bf58dd8d48988d194941735
4d954af4a243a5684765b473,Veterinarian,Professional Places,cat_4d954af4a243a5684765b473
4bf58dd8d48988d127941735,Conference Room,Professional Places,cat_4bf58dd8d48988d127941735
4f4533814b9074f6e4fb0107,Nursery School,Professional Places,cat_4f4533814b9074f6e4fb0107
56aa371be4b08b9a8d57356a,Outdoor Event Space,Professional Places,cat_56aa371be4b08b9a8d57356a
52e81612bcbc57f1066b7a38,Town Hall,Professional Places,cat_52e81612bcbc57f1066b7a38
52e81612bcbc57f1066b7a39,Mental Health Office,Professional Places,cat_52e81612bcbc57f1066b7a39
52e81612bcbc57f1066b7a45,Preschool,Professional Places,cat_52e81612bcbc57f1066b7a45
4bf58dd8d48988d177941735,Doctor's Office,Professional Places,cat_4bf58dd8d48988d177941735
4f4533814b9074f6e4fb0106,Middle School,Professional Places,cat_4f4533814b9074f6e4fb0106
4f04b10d2fb6e1c99f3db0be,Music School,Professional Places,cat_4f04b10d2fb6e1c99f3db0be
5032764e91d4c4b30a586d5a,Campaign Office,Professional Places,cat_5032764e91d4c4b30a586d5a
54f4ba06498e2cf5561da814,Corporate Cafeteria,Professional Places,cat_54f4ba06498e2cf5561da814
52e81612bcbc57f1066b7a48,Language School,Professional Places,cat_52e81612bcbc57f1066b7a48
5744ccdfe4b0c0459246b4ac,Kingdom Hall,Professional Places,cat_5744ccdfe4b0c0459246b4ac
56aa371ce4b08b9a8d573570,Adult Education Center,Professional Places,cat_56aa371ce4b08b9a8d573570
4bf58dd8d48988d178941735,Dentist's Office,Professional Places,cat_4bf58dd8d48988d178941735
4bf58dd8d48988d12c951735,Embassy / Consulate,Professional Places,cat_4bf58dd8d48988d12c951735
4eb1d80a4b900d56c88a45ff,Shrine,Professional Places,cat_4eb1d80a4b900d56c88a45ff
4bf58dd8d48988d129941735,City Hall,Professional Places,cat_4bf58dd8d48988d129941735
4f4531b14b9074f6e4fb0103,Medical Lab,Professional Places,cat_4f4531b14b9074f6e4fb0103
52e81612bcbc57f1066b7a47,Religious School,Professional Places,cat_52e81612bcbc57f1066b7a47
4f4533804b9074f6e4fb0105,Elementary School,Professional Places,cat_4f4533804b9074f6e4fb0105
4bf58dd8d48988d13a941735,Temple,Professional Places,cat_4bf58dd8d48988d13a941735
4bf58dd8d48988d13d941735,High School,Professional Places,cat_4bf58dd8d48988d13d941735
52e81612bcbc57f1066b7a44,Swim School,Professional Places,cat_52e81612bcbc57f1066b7a44
52e81612bcbc57f1066b7a49,Flight School,Professional Places,cat_52e81612bcbc57f1066b7a49
5744ccdfe4b0c0459246b4af,Physical Therapist,Professional Places,cat_5744ccdfe4b0c0459246b4af
58daa1558bbb0b01f18ec200,Cooking School,Professional Places,cat_58daa1558bbb0b01f18ec200
52e81612bcbc57f1066b7a3a,Chiropractor,Professional Places,cat_52e81612bcbc57f1066b7a3a
52e81612bcbc57f1066b7a40,Monastery,Professional Places,cat_52e81612bcbc57f1066b7a40
4bf58dd8d48988d12d941735,Monument / Landmark,Professional Places,cat_4bf58dd8d48988d12d941735
52e81612bcbc57f1066b7a41,Prayer Room,Professional Places,cat_52e81612bcbc57f1066b7a41
4bf58dd8d48988d12e941735,Police Station,Professional Places,cat_4bf58dd8d48988d12e941735
4bf58dd8d48988d12c941735,Fire Station,Professional Places,cat_4bf58dd8d48988d12c941735
52e81612bcbc57f1066b7a3e,Buddhist Temple,Professional Places,cat_52e81612bcbc57f1066b7a3e
4bf58dd8d48988d12b941735,Courthouse,Professional Places,cat_4bf58dd8d48988d12b941735
4bf58dd8d48988d132941735,Church,Professional Places,cat_4bf58dd8d48988d132941735
58daa1558bbb0b01f18ec1d0,Nutritionist,Professional Places,cat_58daa1558bbb0b01f18ec1d0
4bf58dd8d48988d138941735,Mosque,Professional Places,cat_4bf58dd8d48988d138941735
4bf58dd8d48988d196941735,Hospital,Professional Places,cat_4bf58dd8d48988d196941735
56aa371be4b08b9a8d57351d,Rehab Center,Professional Places,cat_56aa371be4b08b9a8d57351d
52e81612bcbc57f1066b7a3f,Hindu Temple,Professional Places,cat_52e81612bcbc57f1066b7a3f
56aa371be4b08b9a8d5734fc,Confucian Temple,Professional Places,cat_56aa371be4b08b9a8d5734fc
52e81612bcbc57f1066b7a3c,Alternative Healer,Professional Places,cat_52e81612bcbc57f1066b7a3c
52e81612bcbc57f1066b7a3b,Acupuncturist,Professional Places,cat_52e81612bcbc57f1066b7a3b
5bae9231bedf3950379f89c9,Sikh Temple,Professional Places,cat_5bae9231bedf3950379f89c9
56aa371be4b08b9a8d573526,Urgent Care Center,Professional Places,cat_56aa371be4b08b9a8d573526
56aa371be4b08b9a8d5734ff,Maternity Clinic,Professional Places,cat_56aa371be4b08b9a8d5734ff
4bf58dd8d48988d139941735,Synagogue,Professional Places,cat_4bf58dd8d48988d139941735
4bf58dd8d48988d12a941735,Capitol Building,Professional Places,cat_4bf58dd8d48988d12a941735
522e32fae4b09b556e370f19,Eye Doctor,Professional Places,cat_522e32fae4b09b556e370f19
4c38df4de52ce0d596b336e1,Parking,Professional Places,cat_4c38df4de52ce0d596b336e1
52e81612bcbc57f1066b7a35,Club House,Professional Places,cat_52e81612bcbc57f1066b7a35
52f2ab2ebcbc57f1066b8b57,Recruiting Agency,Professional Places,cat_52f2ab2ebcbc57f1066b8b57
5744ccdfe4b0c0459246b4d6,Laboratory,Professional Places,cat_5744ccdfe4b0c0459246b4d6
4bf58dd8d48988d173941735,Auditorium,Professional Places,cat_4bf58dd8d48988d173941735
56aa371be4b08b9a8d5734d7,Industrial Estate,Professional Places,cat_56aa371be4b08b9a8d5734d7
4bf58dd8d48988d124941735,Office,Professional Places,cat_4bf58dd8d48988d124941735
52e81612bcbc57f1066b7a36,Warehouse,Professional Places,cat_52e81612bcbc57f1066b7a36
56aa371be4b08b9a8d573517,Business Center,Professional Places,cat_56aa371be4b08b9a8d573517
4f4534884b9074f6e4fb0174,Funeral Home,Professional Places,cat_4f4534884b9074f6e4fb0174
4bf58dd8d48988d126941735,Government Building,Professional Places,cat_4bf58dd8d48988d126941735
4bf58dd8d48988d12f941735,Library,Professional Places,cat_4bf58dd8d48988d12f941735
4bf58dd8d48988d1ff931735,Convention Center,Professional Places,cat_4bf58dd8d48988d1ff931735
58daa1558bbb0b01f18ec1d6,Art Studio,Professional Places,cat_58daa1558bbb0b01f18ec1d6
58daa1558bbb0b01f18ec1ac,Waste Facility,Professional Places,cat_58daa1558bbb0b01f18ec1ac
4eb1daf44b900d56c88a4600,Fair,Professional Places,cat_4eb1daf44b900d56c88a4600
4e52d2d203646f7c19daa8ae,Animal Shelter,Professional Places,cat_4e52d2d203646f7c19daa8ae
56aa371be4b08b9a8d5734c5,Wedding Hall,Professional Places,cat_56aa371be4b08b9a8d5734c5
52e81612bcbc57f1066b7a37,Distribution Center,Professional Places,cat_52e81612bcbc57f1066b7a37
52e81612bcbc57f1066b7a31,TV Station,Professional Places,cat_52e81612bcbc57f1066b7a31
4bf58dd8d48988d130941735,Building,Professional Places,cat_4bf58dd8d48988d130941735
4eb1bea83b7b6f98df247e06,Factory,Professional Places,cat_4eb1bea83b7b6f98df247e06
4bf58dd8d48988d171941735,Event Space,Professional Places,cat_4bf58dd8d48988d171941735
52e81612bcbc57f1066b7a34,Community Center,Professional Places,cat_52e81612bcbc57f1066b7a34
4e0e22f5a56208c4ea9a85a0,Distillery,Professional Places,cat_4e0e22f5a56208c4ea9a85a0
4bf58dd8d48988d104941735,Medical Center,Professional Places,cat_4bf58dd8d48988d104941735
4bf58dd8d48988d172941735,Post Office,Professional Places,cat_4bf58dd8d48988d172941735
4bf58dd8d48988d13b941735,School,Professional Places,cat_4bf58dd8d48988d13b941735
52e81612bcbc57f1066b7a33,Social Club,Professional Places,cat_52e81612bcbc57f1066b7a33
58daa1558bbb0b01f18ec1b2,Research Station,Professional Places,cat_58daa1558bbb0b01f18ec1b2
52e81612bcbc57f1066b7a32,Cultural Center,Professional Places,cat_52e81612bcbc57f1066b7a32
4bf58dd8d48988d131941735,Spiritual Center,Professional Places,cat_4bf58dd8d48988d131941735
4cae28ecbf23941eb1190695,Voting Booth,Professional Places,cat_4cae28ecbf23941eb1190695
56aa371be4b08b9a8d5734cf,Ballroom,Professional Places,cat_56aa371be4b08b9a8d5734cf
4e52adeebd41615f56317744,Military Base,Professional Places,cat_4e52adeebd41615f56317744
5032856091d4c4b30a586d63,Radio Station,Professional Places,cat_5032856091d4c4b30a586d63
58daa1548bbb0b01f18ec1a9,Power Plant,Professional Places,cat_58daa1548bbb0b01f18ec1a9
5744ccdfe4b0c0459246b4d9,Observatory,Professional Places,cat_5744ccdfe4b0c0459246b4d9
50328a8e91d4c4b30a586d6c,Non-Profit,Professional Places,cat_50328a8e91d4c4b30a586d6c
5310b8e5bcbc57f1066bcbf1,Prison,Professional Places,cat_5310b8e5bcbc57f1066bcbf1
4bf58dd8d48988d14b941735,Winery,Professional Places,cat_4bf58dd8d48988d14b941735
4d4b7105d754a06375d81259,Professional & Other Places,Professional Places,cat_4d4b7105d754a06375d81259
